{
  "hash": "968975f4",
  "configHash": "5ccc0883",
  "lockfileHash": "4601bea4",
  "browserHash": "eda3e651",
  "optimized": {
    "@angular/common": {
      "src": "../../../../../../node_modules/@angular/common/fesm2022/common.mjs",
      "file": "@angular_common.js",
      "fileHash": "67f0667b",
      "needsInterop": false
    },
    "@angular/common/http": {
      "src": "../../../../../../node_modules/@angular/common/fesm2022/http.mjs",
      "file": "@angular_common_http.js",
      "fileHash": "0d1728db",
      "needsInterop": false
    },
    "@angular/core": {
      "src": "../../../../../../node_modules/@angular/core/fesm2022/core.mjs",
      "file": "@angular_core.js",
      "fileHash": "0d3a2aed",
      "needsInterop": false
    },
    "@angular/forms": {
      "src": "../../../../../../node_modules/@angular/forms/fesm2022/forms.mjs",
      "file": "@angular_forms.js",
      "fileHash": "f9b68648",
      "needsInterop": false
    },
    "@angular/platform-browser": {
      "src": "../../../../../../node_modules/@angular/platform-browser/fesm2022/platform-browser.mjs",
      "file": "@angular_platform-browser.js",
      "fileHash": "21ae5fb5",
      "needsInterop": false
    },
    "@angular/platform-browser/animations": {
      "src": "../../../../../../node_modules/@angular/platform-browser/fesm2022/animations.mjs",
      "file": "@angular_platform-browser_animations.js",
      "fileHash": "4a3bcf3b",
      "needsInterop": false
    },
    "@angular/router": {
      "src": "../../../../../../node_modules/@angular/router/fesm2022/router.mjs",
      "file": "@angular_router.js",
      "fileHash": "2ece7bbb",
      "needsInterop": false
    },
    "ngx-toastr": {
      "src": "../../../../../../node_modules/ngx-toastr/fesm2022/ngx-toastr.mjs",
      "file": "ngx-toastr.js",
      "fileHash": "48a01c68",
      "needsInterop": false
    },
    "sweetalert2": {
      "src": "../../../../../../node_modules/sweetalert2/dist/sweetalert2.esm.all.js",
      "file": "sweetalert2.js",
      "fileHash": "eca7dca5",
      "needsInterop": false
    },
    "zone.js": {
      "src": "../../../../../../node_modules/zone.js/fesm2015/zone.js",
      "file": "zone__js.js",
      "fileHash": "e96aff59",
      "needsInterop": true
    }
  },
  "chunks": {
    "chunk-FXA2E5SJ": {
      "file": "chunk-FXA2E5SJ.js"
    },
    "chunk-3GSS2IYC": {
      "file": "chunk-3GSS2IYC.js"
    },
    "chunk-VVEDOOCC": {
      "file": "chunk-VVEDOOCC.js"
    },
    "chunk-4NAORDJM": {
      "file": "chunk-4NAORDJM.js"
    },
    "chunk-2IS475LG": {
      "file": "chunk-2IS475LG.js"
    },
    "chunk-APPCZKFW": {
      "file": "chunk-APPCZKFW.js"
    },
    "chunk-ZWWAXIYQ": {
      "file": "chunk-ZWWAXIYQ.js"
    },
    "chunk-WDMUDEB6": {
      "file": "chunk-WDMUDEB6.js"
    }
  }
}